<?xml version="1.0" encoding="UTF-8"?>
<project-private xmlns="http://www.netbeans.org/ns/project-private/1">
    <editor-bookmarks xmlns="http://www.netbeans.org/ns/editor-bookmarks/2" lastBookmarkId="0"/>
    <open-files xmlns="http://www.netbeans.org/ns/projectui-open-files/2">
        <group>
            <file>file:/E:/NetBeans%20Projects/Latest/APU_Medical_Centre_ConsultaionHourBookingSystem/src/initialPages/DateTimeCostMgtForm.java</file>
            <file>file:/E:/NetBeans%20Projects/Latest/APU_Medical_Centre_ConsultaionHourBookingSystem/src/initialPages/LoginPage.java</file>
            <file>file:/E:/NetBeans%20Projects/Latest/APU_Medical_Centre_ConsultaionHourBookingSystem/src/initialPages/DoctorPage.java</file>
            <file>file:/E:/NetBeans%20Projects/Latest/APU_Medical_Centre_ConsultaionHourBookingSystem/src/initialPages/SignupPage.java</file>
            <file>file:/E:/NetBeans%20Projects/Latest/APU_Medical_Centre_ConsultaionHourBookingSystem/src/appointmentManagement/AddAppointmentForm.java</file>
            <file>file:/E:/NetBeans%20Projects/Latest/APU_Medical_Centre_ConsultaionHourBookingSystem/src/reportManagement/ReportManagementPage.java</file>
            <file>file:/E:/NetBeans%20Projects/Latest/APU_Medical_Centre_ConsultaionHourBookingSystem/src/appointmentManagement/AppointmentManagementPage.java</file>
            <file>file:/E:/NetBeans%20Projects/Latest/APU_Medical_Centre_ConsultaionHourBookingSystem/src/apumc/APUMC.java</file>
            <file>file:/E:/NetBeans%20Projects/Latest/APU_Medical_Centre_ConsultaionHourBookingSystem/src/userManagement/UserManagementPage.java</file>
            <file>file:/E:/NetBeans%20Projects/Latest/APU_Medical_Centre_ConsultaionHourBookingSystem/src/apu_medical_centre_consultaionhourbookingsystem/APU_Medical_Centre_ConsultaionHourBookingSystem.java</file>
            <file>file:/E:/NetBeans%20Projects/Latest/APU_Medical_Centre_ConsultaionHourBookingSystem/src/initialPages/AdminPage.java</file>
        </group>
    </open-files>
</project-private>
